quantidade,conjunto,prop_quantidade
9816,outros,2.246321922463448
427165,n_outros,97.75367807753655
