valor,conjunto,prop_valor
38626583.67,outros,3.1395854148564197
1191681834.9899995,n_outros,96.86041458514357
